site,project,demo_category,full_density_km2,n_deployments
1,ABMI Ecosystem Health 2015,Moose Adult Female,0,4
1,ABMI Ecosystem Health 2015,Moose Adult Male,0.2181069759220054,4
1,ABMI Ecosystem Health 2015,Moose Adult Unkn,0.0273587377549002,4
1,ABMI Ecosystem Health 2015,Moose Juv Unkn,0,4
1022,ABMI Ecosystem Health 2015,Moose Adult Female,0,4
1022,ABMI Ecosystem Health 2015,Moose Adult Male,0,4
1022,ABMI Ecosystem Health 2015,Moose Adult Unkn,0,4
1022,ABMI Ecosystem Health 2015,Moose Juv Unkn,0.04067851793115368,4
1023,ABMI Ecosystem Health 2015,Moose Adult Female,0.03955436076233365,4
1023,ABMI Ecosystem Health 2015,Moose Adult Male,0.049032549179420286,4
1023,ABMI Ecosystem Health 2015,Moose Adult Unkn,0.15393732349021982,4
1023,ABMI Ecosystem Health 2015,Moose Juv Unkn,0.027888320612759955,4
1024,ABMI Ecosystem Health 2015,Moose Adult Female,5.620002094276343,3
1024,ABMI Ecosystem Health 2015,Moose Adult Male,1.2229817407006631,3
1024,ABMI Ecosystem Health 2015,Moose Adult Unkn,0.6289541468260779,3
1024,ABMI Ecosystem Health 2015,Moose Juv Unkn,0.9134690183381626,3
1056,ABMI Ecosystem Health 2015,Moose Adult Female,1.048809941818753,4
1056,ABMI Ecosystem Health 2015,Moose Adult Male,0.6942841359396946,4
1056,ABMI Ecosystem Health 2015,Moose Adult Unkn,0.5732428841781917,4
1056,ABMI Ecosystem Health 2015,Moose Juv Unkn,0,4
1057,ABMI Ecosystem Health 2015,Moose Adult Female,1.5807314836248143,4
1057,ABMI Ecosystem Health 2015,Moose Adult Male,3.084239161111995,4
1057,ABMI Ecosystem Health 2015,Moose Adult Unkn,0.19427955006034012,4
1057,ABMI Ecosystem Health 2015,Moose Juv Unkn,0.17901455791792953,4
1058,ABMI Ecosystem Health 2015,Moose Adult Female,0.5678192704919812,4
1058,ABMI Ecosystem Health 2015,Moose Adult Male,0.4865393143216353,4
1058,ABMI Ecosystem Health 2015,Moose Adult Unkn,0.1694482726744169,4
1058,ABMI Ecosystem Health 2015,Moose Juv Unkn,0.06068543946724991,4
1150,ABMI Ecosystem Health 2015,Moose Adult Female,0,4
1150,ABMI Ecosystem Health 2015,Moose Adult Male,0,4
1150,ABMI Ecosystem Health 2015,Moose Adult Unkn,0,4
1150,ABMI Ecosystem Health 2015,Moose Juv Unkn,0,4
1190,ABMI Ecosystem Health 2015,Moose Adult Female,1.8606810035746766,4
1190,ABMI Ecosystem Health 2015,Moose Adult Male,1.0574978885974136,4
1190,ABMI Ecosystem Health 2015,Moose Adult Unkn,0.889131241660826,4
1190,ABMI Ecosystem Health 2015,Moose Juv Unkn,0.1935338966077531,4
1191,ABMI Ecosystem Health 2015,Moose Adult Female,1.2362492372323917,3
1191,ABMI Ecosystem Health 2015,Moose Adult Male,0.3248587778005983,3
1191,ABMI Ecosystem Health 2015,Moose Adult Unkn,0,3
1191,ABMI Ecosystem Health 2015,Moose Juv Unkn,0,3
1192B,ABMI Ecosystem Health 2015,Moose Adult Female,3.058088581421191,4
1192B,ABMI Ecosystem Health 2015,Moose Adult Male,0.49551343394327063,4
1192B,ABMI Ecosystem Health 2015,Moose Adult Unkn,1.708070983540401,4
1192B,ABMI Ecosystem Health 2015,Moose Juv Unkn,0.8323907395157086,4
121,ABMI Ecosystem Health 2016,Moose Adult Female,0,3
121,ABMI Ecosystem Health 2016,Moose Adult Male,0,3
121,ABMI Ecosystem Health 2016,Moose Adult Unkn,0,3
121,ABMI Ecosystem Health 2016,Moose Juv Unkn,0,3
122,ABMI Ecosystem Health 2016,Moose Adult Female,0,4
122,ABMI Ecosystem Health 2016,Moose Adult Male,0,4
122,ABMI Ecosystem Health 2016,Moose Adult Unkn,0,4
122,ABMI Ecosystem Health 2016,Moose Juv Unkn,0,4
1222,ABMI Ecosystem Health 2015,Moose Adult Female,0.018463256897285972,4
1222,ABMI Ecosystem Health 2015,Moose Adult Male,0.3917464591656792,4
1222,ABMI Ecosystem Health 2015,Moose Adult Unkn,0.019259760602720773,4
1222,ABMI Ecosystem Health 2015,Moose Juv Unkn,0,4
1223,ABMI Ecosystem Health 2015,Moose Adult Female,0,4
1223,ABMI Ecosystem Health 2015,Moose Adult Male,0,4
1223,ABMI Ecosystem Health 2015,Moose Adult Unkn,0,4
1223,ABMI Ecosystem Health 2015,Moose Juv Unkn,0,4
1224,ABMI Ecosystem Health 2015,Moose Adult Female,0.4680192077380117,4
1224,ABMI Ecosystem Health 2015,Moose Adult Male,0.36174914945897524,4
1224,ABMI Ecosystem Health 2015,Moose Adult Unkn,0.44457090721757203,4
1224,ABMI Ecosystem Health 2015,Moose Juv Unkn,0.19854853081521037,4
1252,ABMI Ecosystem Health 2015,Moose Adult Female,0,4
1252,ABMI Ecosystem Health 2015,Moose Adult Male,0.010712276407453848,4
1252,ABMI Ecosystem Health 2015,Moose Adult Unkn,0,4
1252,ABMI Ecosystem Health 2015,Moose Juv Unkn,0,4
1253,ABMI Ecosystem Health 2015,Moose Adult Female,0,4
1253,ABMI Ecosystem Health 2015,Moose Adult Male,0.15055345746484872,4
1253,ABMI Ecosystem Health 2015,Moose Adult Unkn,0.9115453620708186,4
1253,ABMI Ecosystem Health 2015,Moose Juv Unkn,0.294935013726287,4
1254,ABMI Ecosystem Health 2015,Moose Adult Female,0.003386938756659526,3
1254,ABMI Ecosystem Health 2015,Moose Adult Male,0.3948670031972665,3
1254,ABMI Ecosystem Health 2015,Moose Adult Unkn,0.04244249736746388,3
1254,ABMI Ecosystem Health 2015,Moose Juv Unkn,0,3
1275,ABMI Ecosystem Health 2015,Moose Adult Female,0,4
1275,ABMI Ecosystem Health 2015,Moose Adult Male,0,4
1275,ABMI Ecosystem Health 2015,Moose Adult Unkn,0,4
1275,ABMI Ecosystem Health 2015,Moose Juv Unkn,0,4
1276,ABMI Ecosystem Health 2015,Moose Adult Female,0.03673979394442513,4
1276,ABMI Ecosystem Health 2015,Moose Adult Male,0,4
1276,ABMI Ecosystem Health 2015,Moose Adult Unkn,0,4
1276,ABMI Ecosystem Health 2015,Moose Juv Unkn,0,4
1277,ABMI Ecosystem Health 2015,Moose Adult Female,0,4
1277,ABMI Ecosystem Health 2015,Moose Adult Male,0,4
1277,ABMI Ecosystem Health 2015,Moose Adult Unkn,0.02020721859273608,4
1277,ABMI Ecosystem Health 2015,Moose Juv Unkn,0,4
1284,ABMI Ecosystem Health 2016,Moose Adult Female,0,4
1284,ABMI Ecosystem Health 2016,Moose Adult Male,0,4
1284,ABMI Ecosystem Health 2016,Moose Adult Unkn,0,4
1284,ABMI Ecosystem Health 2016,Moose Juv Unkn,0,4
1285,ABMI Ecosystem Health 2016,Moose Adult Female,0,4
1285,ABMI Ecosystem Health 2016,Moose Adult Male,0,4
1285,ABMI Ecosystem Health 2016,Moose Adult Unkn,0.23147764922392897,4
1285,ABMI Ecosystem Health 2016,Moose Juv Unkn,0,4
13,ABMI Ecosystem Health 2015,Moose Adult Female,0.11540764743904983,4
13,ABMI Ecosystem Health 2015,Moose Adult Male,0,4
13,ABMI Ecosystem Health 2015,Moose Adult Unkn,0,4
13,ABMI Ecosystem Health 2015,Moose Juv Unkn,0,4
1303,ABMI Ecosystem Health 2015,Moose Adult Female,0,4
1303,ABMI Ecosystem Health 2015,Moose Adult Male,0,4
1303,ABMI Ecosystem Health 2015,Moose Adult Unkn,0,4
1303,ABMI Ecosystem Health 2015,Moose Juv Unkn,0,4
1304,ABMI Ecosystem Health 2015,Moose Adult Female,0,4
1304,ABMI Ecosystem Health 2015,Moose Adult Male,0,4
1304,ABMI Ecosystem Health 2015,Moose Adult Unkn,0,4
1304,ABMI Ecosystem Health 2015,Moose Juv Unkn,0,4
1305,ABMI Ecosystem Health 2015,Moose Adult Female,0,4
1305,ABMI Ecosystem Health 2015,Moose Adult Male,2.403712287164888,4
1305,ABMI Ecosystem Health 2015,Moose Adult Unkn,0.08942311731456312,4
1305,ABMI Ecosystem Health 2015,Moose Juv Unkn,0,4
1312,ABMI Ecosystem Health 2016,Moose Adult Female,0,3
1312,ABMI Ecosystem Health 2016,Moose Adult Male,0,3
1312,ABMI Ecosystem Health 2016,Moose Adult Unkn,0,3
1312,ABMI Ecosystem Health 2016,Moose Juv Unkn,0,3
1313,ABMI Ecosystem Health 2016,Moose Adult Female,0.21718881260974074,4
1313,ABMI Ecosystem Health 2016,Moose Adult Male,0.4050904582077023,4
1313,ABMI Ecosystem Health 2016,Moose Adult Unkn,0.04194792465874441,4
1313,ABMI Ecosystem Health 2016,Moose Juv Unkn,0.18398996790577107,4
1314,ABMI Ecosystem Health 2016,Moose Adult Female,0,3
1314,ABMI Ecosystem Health 2016,Moose Adult Male,0,3
1314,ABMI Ecosystem Health 2016,Moose Adult Unkn,0,3
1314,ABMI Ecosystem Health 2016,Moose Juv Unkn,0,3
1332,ABMI Ecosystem Health 2015,Moose Adult Female,0.11201422599663478,3
1332,ABMI Ecosystem Health 2015,Moose Adult Male,0.023085768223935654,3
1332,ABMI Ecosystem Health 2015,Moose Adult Unkn,0,3
1332,ABMI Ecosystem Health 2015,Moose Juv Unkn,0.002983334470628578,3
1333,ABMI Ecosystem Health 2015,Moose Adult Female,0.1163096180532355,4
1333,ABMI Ecosystem Health 2015,Moose Adult Male,0.5940117200038116,4
1333,ABMI Ecosystem Health 2015,Moose Adult Unkn,0.1663294103098905,4
1333,ABMI Ecosystem Health 2015,Moose Juv Unkn,0,4
1334,ABMI Ecosystem Health 2015,Moose Adult Female,4.945703028566655,4
1334,ABMI Ecosystem Health 2015,Moose Adult Male,3.4048499449285567,4
1334,ABMI Ecosystem Health 2015,Moose Adult Unkn,3.4142503220626206,4
1334,ABMI Ecosystem Health 2015,Moose Juv Unkn,0.12430063317594989,4
1341,ABMI Ecosystem Health 2016,Moose Adult Female,3.0631906219239404,4
1341,ABMI Ecosystem Health 2016,Moose Adult Male,2.0663336429779355,4
1341,ABMI Ecosystem Health 2016,Moose Adult Unkn,1.0414641602769117,4
1341,ABMI Ecosystem Health 2016,Moose Juv Unkn,0,4
1342,ABMI Ecosystem Health 2016,Moose Adult Female,0,4
1342,ABMI Ecosystem Health 2016,Moose Adult Male,0,4
1342,ABMI Ecosystem Health 2016,Moose Adult Unkn,0,4
1342,ABMI Ecosystem Health 2016,Moose Juv Unkn,0,4
1343,ABMI Ecosystem Health 2016,Moose Adult Female,0,4
1343,ABMI Ecosystem Health 2016,Moose Adult Male,0,4
1343,ABMI Ecosystem Health 2016,Moose Adult Unkn,0,4
1343,ABMI Ecosystem Health 2016,Moose Juv Unkn,0,4
1362,ABMI Ecosystem Health 2016,Moose Adult Female,0,4
1362,ABMI Ecosystem Health 2016,Moose Adult Male,0,4
1362,ABMI Ecosystem Health 2016,Moose Adult Unkn,0,4
1362,ABMI Ecosystem Health 2016,Moose Juv Unkn,0,4
1363,ABMI Ecosystem Health 2016,Moose Adult Female,0,4
1363,ABMI Ecosystem Health 2016,Moose Adult Male,0,4
1363,ABMI Ecosystem Health 2016,Moose Adult Unkn,0,4
1363,ABMI Ecosystem Health 2016,Moose Juv Unkn,0,4
1364,ABMI Ecosystem Health 2016,Moose Adult Female,0,4
1364,ABMI Ecosystem Health 2016,Moose Adult Male,0,4
1364,ABMI Ecosystem Health 2016,Moose Adult Unkn,0,4
1364,ABMI Ecosystem Health 2016,Moose Juv Unkn,0,4
1368,ABMI Ecosystem Health 2015,Moose Adult Female,0,4
1368,ABMI Ecosystem Health 2015,Moose Adult Male,0,4
1368,ABMI Ecosystem Health 2015,Moose Adult Unkn,0,4
1368,ABMI Ecosystem Health 2015,Moose Juv Unkn,0,4
1369,ABMI Ecosystem Health 2015,Moose Adult Female,0.24640019067563843,4
1369,ABMI Ecosystem Health 2015,Moose Adult Male,0,4
1369,ABMI Ecosystem Health 2015,Moose Adult Unkn,0.08527567090541247,4
1369,ABMI Ecosystem Health 2015,Moose Juv Unkn,0,4
1370,ABMI Ecosystem Health 2015,Moose Adult Female,0,3
1370,ABMI Ecosystem Health 2015,Moose Adult Male,0,3
1370,ABMI Ecosystem Health 2015,Moose Adult Unkn,0,3
1370,ABMI Ecosystem Health 2015,Moose Juv Unkn,0,3
1387,ABMI Ecosystem Health 2016,Moose Adult Female,0,4
1387,ABMI Ecosystem Health 2016,Moose Adult Male,0,4
1387,ABMI Ecosystem Health 2016,Moose Adult Unkn,0,4
1387,ABMI Ecosystem Health 2016,Moose Juv Unkn,0,4
1388B,ABMI Ecosystem Health 2016,Moose Adult Female,0,4
1388B,ABMI Ecosystem Health 2016,Moose Adult Male,0,4
1388B,ABMI Ecosystem Health 2016,Moose Adult Unkn,0,4
1388B,ABMI Ecosystem Health 2016,Moose Juv Unkn,0,4
1389,ABMI Ecosystem Health 2016,Moose Adult Female,0.014851620785164655,4
1389,ABMI Ecosystem Health 2016,Moose Adult Male,0,4
1389,ABMI Ecosystem Health 2016,Moose Adult Unkn,0,4
1389,ABMI Ecosystem Health 2016,Moose Juv Unkn,0,4
1393,ABMI Ecosystem Health 2015,Moose Adult Female,0,3
1393,ABMI Ecosystem Health 2015,Moose Adult Male,0,3
1393,ABMI Ecosystem Health 2015,Moose Adult Unkn,0,3
1393,ABMI Ecosystem Health 2015,Moose Juv Unkn,0,3
1394,ABMI Ecosystem Health 2015,Moose Adult Female,0,4
1394,ABMI Ecosystem Health 2015,Moose Adult Male,0,4
1394,ABMI Ecosystem Health 2015,Moose Adult Unkn,0,4
1394,ABMI Ecosystem Health 2015,Moose Juv Unkn,0,4
1395,ABMI Ecosystem Health 2015,Moose Adult Female,0,4
1395,ABMI Ecosystem Health 2015,Moose Adult Male,0.011492613334104113,4
1395,ABMI Ecosystem Health 2015,Moose Adult Unkn,0,4
1395,ABMI Ecosystem Health 2015,Moose Juv Unkn,0,4
14,ABMI Ecosystem Health 2015,Moose Adult Female,0,4
14,ABMI Ecosystem Health 2015,Moose Adult Male,0,4
14,ABMI Ecosystem Health 2015,Moose Adult Unkn,0,4
14,ABMI Ecosystem Health 2015,Moose Juv Unkn,0,4
1412,ABMI Ecosystem Health 2016,Moose Adult Female,0,4
1412,ABMI Ecosystem Health 2016,Moose Adult Male,0,4
1412,ABMI Ecosystem Health 2016,Moose Adult Unkn,0,4
1412,ABMI Ecosystem Health 2016,Moose Juv Unkn,0,4
1413,ABMI Ecosystem Health 2016,Moose Adult Female,0,4
1413,ABMI Ecosystem Health 2016,Moose Adult Male,0,4
1413,ABMI Ecosystem Health 2016,Moose Adult Unkn,0,4
1413,ABMI Ecosystem Health 2016,Moose Juv Unkn,0,4
1417,ABMI Ecosystem Health 2015,Moose Adult Female,0,4
1417,ABMI Ecosystem Health 2015,Moose Adult Male,0,4
1417,ABMI Ecosystem Health 2015,Moose Adult Unkn,0,4
1417,ABMI Ecosystem Health 2015,Moose Juv Unkn,0,4
1418,ABMI Ecosystem Health 2015,Moose Adult Female,0,4
1418,ABMI Ecosystem Health 2015,Moose Adult Male,0,4
1418,ABMI Ecosystem Health 2015,Moose Adult Unkn,0,4
1418,ABMI Ecosystem Health 2015,Moose Juv Unkn,0,4
1419,ABMI Ecosystem Health 2015,Moose Adult Female,0,2
1419,ABMI Ecosystem Health 2015,Moose Adult Male,0,2
1419,ABMI Ecosystem Health 2015,Moose Adult Unkn,0,2
1419,ABMI Ecosystem Health 2015,Moose Juv Unkn,0,2
1428,ABMI Ecosystem Health 2016,Moose Adult Female,0,4
1428,ABMI Ecosystem Health 2016,Moose Adult Male,0,4
1428,ABMI Ecosystem Health 2016,Moose Adult Unkn,0.09055522524732215,4
1428,ABMI Ecosystem Health 2016,Moose Juv Unkn,0.1579360694269774,4
1429,ABMI Ecosystem Health 2016,Moose Adult Female,0.05846026489621771,4
1429,ABMI Ecosystem Health 2016,Moose Adult Male,0,4
1429,ABMI Ecosystem Health 2016,Moose Adult Unkn,0.021570174816751615,4
1429,ABMI Ecosystem Health 2016,Moose Juv Unkn,0.15401478888781192,4
1430,ABMI Ecosystem Health 2016,Moose Adult Female,0,4
1430,ABMI Ecosystem Health 2016,Moose Adult Male,0,4
1430,ABMI Ecosystem Health 2016,Moose Adult Unkn,0,4
1430,ABMI Ecosystem Health 2016,Moose Juv Unkn,0,4
1434,ABMI Ecosystem Health 2015,Moose Adult Female,0.8855028338851549,4
1434,ABMI Ecosystem Health 2015,Moose Adult Male,0.03392575092588605,4
1434,ABMI Ecosystem Health 2015,Moose Adult Unkn,0.05884703659789365,4
1434,ABMI Ecosystem Health 2015,Moose Juv Unkn,0.5613390682861596,4
1435,ABMI Ecosystem Health 2015,Moose Adult Female,0.0063803635354284325,4
1435,ABMI Ecosystem Health 2015,Moose Adult Male,0,4
1435,ABMI Ecosystem Health 2015,Moose Adult Unkn,0,4
1435,ABMI Ecosystem Health 2015,Moose Juv Unkn,0,4
1436,ABMI Ecosystem Health 2015,Moose Adult Female,0,4
1436,ABMI Ecosystem Health 2015,Moose Adult Male,0,4
1436,ABMI Ecosystem Health 2015,Moose Adult Unkn,0,4
1436,ABMI Ecosystem Health 2015,Moose Juv Unkn,0,4
1443,ABMI Ecosystem Health 2016,Moose Adult Female,0,4
1443,ABMI Ecosystem Health 2016,Moose Adult Male,0,4
1443,ABMI Ecosystem Health 2016,Moose Adult Unkn,0,4
1443,ABMI Ecosystem Health 2016,Moose Juv Unkn,0,4
1450,ABMI Ecosystem Health 2016,Moose Adult Female,3.4560045844531437,4
1450,ABMI Ecosystem Health 2016,Moose Adult Male,3.410043576558789,4
1450,ABMI Ecosystem Health 2016,Moose Adult Unkn,0.6725165106193691,4
1450,ABMI Ecosystem Health 2016,Moose Juv Unkn,2.485178684878331,4
1451,ABMI Ecosystem Health 2016,Moose Adult Female,0,4
1451,ABMI Ecosystem Health 2016,Moose Adult Male,0,4
1451,ABMI Ecosystem Health 2016,Moose Adult Unkn,0,4
1451,ABMI Ecosystem Health 2016,Moose Juv Unkn,0,4
1452B,ABMI Ecosystem Health 2016,Moose Adult Female,0,4
1452B,ABMI Ecosystem Health 2016,Moose Adult Male,0,4
1452B,ABMI Ecosystem Health 2016,Moose Adult Unkn,0,4
1452B,ABMI Ecosystem Health 2016,Moose Juv Unkn,0,4
1456,ABMI Ecosystem Health 2015,Moose Adult Female,0,1
1456,ABMI Ecosystem Health 2015,Moose Adult Male,0,1
1456,ABMI Ecosystem Health 2015,Moose Adult Unkn,0,1
1456,ABMI Ecosystem Health 2015,Moose Juv Unkn,0,1
1457,ABMI Ecosystem Health 2015,Moose Adult Female,0,4
1457,ABMI Ecosystem Health 2015,Moose Adult Male,0,4
1457,ABMI Ecosystem Health 2015,Moose Adult Unkn,0,4
1457,ABMI Ecosystem Health 2015,Moose Juv Unkn,0,4
1458,ABMI Ecosystem Health 2015,Moose Adult Female,0,4
1458,ABMI Ecosystem Health 2015,Moose Adult Male,0,4
1458,ABMI Ecosystem Health 2015,Moose Adult Unkn,0,4
1458,ABMI Ecosystem Health 2015,Moose Juv Unkn,0,4
1465,ABMI Ecosystem Health 2016,Moose Adult Female,0,4
1465,ABMI Ecosystem Health 2016,Moose Adult Male,0,4
1465,ABMI Ecosystem Health 2016,Moose Adult Unkn,0,4
1465,ABMI Ecosystem Health 2016,Moose Juv Unkn,0,4
1471,ABMI Ecosystem Health 2016,Moose Adult Female,0,4
1471,ABMI Ecosystem Health 2016,Moose Adult Male,0,4
1471,ABMI Ecosystem Health 2016,Moose Adult Unkn,0,4
1471,ABMI Ecosystem Health 2016,Moose Juv Unkn,0,4
1472,ABMI Ecosystem Health 2016,Moose Adult Female,0,2
1472,ABMI Ecosystem Health 2016,Moose Adult Male,0,2
1472,ABMI Ecosystem Health 2016,Moose Adult Unkn,0,2
1472,ABMI Ecosystem Health 2016,Moose Juv Unkn,0,2
1473,ABMI Ecosystem Health 2016,Moose Adult Female,0,4
1473,ABMI Ecosystem Health 2016,Moose Adult Male,0,4
1473,ABMI Ecosystem Health 2016,Moose Adult Unkn,0,4
1473,ABMI Ecosystem Health 2016,Moose Juv Unkn,0,4
1477,ABMI Ecosystem Health 2015,Moose Adult Female,0,4
1477,ABMI Ecosystem Health 2015,Moose Adult Male,0,4
1477,ABMI Ecosystem Health 2015,Moose Adult Unkn,0,4
1477,ABMI Ecosystem Health 2015,Moose Juv Unkn,0,4
1478,ABMI Ecosystem Health 2015,Moose Adult Female,0,4
1478,ABMI Ecosystem Health 2015,Moose Adult Male,0,4
1478,ABMI Ecosystem Health 2015,Moose Adult Unkn,0,4
1478,ABMI Ecosystem Health 2015,Moose Juv Unkn,0,4
1479,ABMI Ecosystem Health 2015,Moose Adult Female,0,3
1479,ABMI Ecosystem Health 2015,Moose Adult Male,0,3
1479,ABMI Ecosystem Health 2015,Moose Adult Unkn,0,3
1479,ABMI Ecosystem Health 2015,Moose Juv Unkn,0,3
1486,ABMI Ecosystem Health 2016,Moose Adult Female,0,4
1486,ABMI Ecosystem Health 2016,Moose Adult Male,0,4
1486,ABMI Ecosystem Health 2016,Moose Adult Unkn,0,4
1486,ABMI Ecosystem Health 2016,Moose Juv Unkn,0,4
1491,ABMI Ecosystem Health 2015,Moose Adult Female,0.03206504165984222,4
1491,ABMI Ecosystem Health 2015,Moose Adult Male,0.03328481018452968,4
1491,ABMI Ecosystem Health 2015,Moose Adult Unkn,0.35431203985258275,4
1491,ABMI Ecosystem Health 2015,Moose Juv Unkn,0,4
1492,ABMI Ecosystem Health 2015,Moose Adult Female,0.029632739381766443,4
1492,ABMI Ecosystem Health 2015,Moose Adult Male,0,4
1492,ABMI Ecosystem Health 2015,Moose Adult Unkn,0.006288801269766806,4
1492,ABMI Ecosystem Health 2015,Moose Juv Unkn,0,4
1493B,ABMI Ecosystem Health 2015,Moose Adult Female,0,4
1493B,ABMI Ecosystem Health 2015,Moose Adult Male,0,4
1493B,ABMI Ecosystem Health 2015,Moose Adult Unkn,0,4
1493B,ABMI Ecosystem Health 2015,Moose Juv Unkn,0,4
15,ABMI Ecosystem Health 2015,Moose Adult Female,0.15435314079822154,4
15,ABMI Ecosystem Health 2015,Moose Adult Male,0.397763071732388,4
15,ABMI Ecosystem Health 2015,Moose Adult Unkn,0.11818839912503945,4
15,ABMI Ecosystem Health 2015,Moose Juv Unkn,0,4
1500,ABMI Ecosystem Health 2016,Moose Adult Female,0,4
1500,ABMI Ecosystem Health 2016,Moose Adult Male,0,4
1500,ABMI Ecosystem Health 2016,Moose Adult Unkn,0,4
1500,ABMI Ecosystem Health 2016,Moose Juv Unkn,0,4
1501,ABMI Ecosystem Health 2016,Moose Adult Female,0,2
1501,ABMI Ecosystem Health 2016,Moose Adult Male,0,2
1501,ABMI Ecosystem Health 2016,Moose Adult Unkn,0,2
1501,ABMI Ecosystem Health 2016,Moose Juv Unkn,0,2
1502,ABMI Ecosystem Health 2016,Moose Adult Female,0,4
1502,ABMI Ecosystem Health 2016,Moose Adult Male,0,4
1502,ABMI Ecosystem Health 2016,Moose Adult Unkn,0,4
1502,ABMI Ecosystem Health 2016,Moose Juv Unkn,0,4
1506,ABMI Ecosystem Health 2015,Moose Adult Female,0,4
1506,ABMI Ecosystem Health 2015,Moose Adult Male,0,4
1506,ABMI Ecosystem Health 2015,Moose Adult Unkn,0,4
1506,ABMI Ecosystem Health 2015,Moose Juv Unkn,0,4
1510,ABMI Ecosystem Health 2015,Moose Adult Female,0.8145219226905112,4
1510,ABMI Ecosystem Health 2015,Moose Adult Male,1.032050603872814,4
1510,ABMI Ecosystem Health 2015,Moose Adult Unkn,0.2603517245593997,4
1510,ABMI Ecosystem Health 2015,Moose Juv Unkn,0.09811949480057167,4
1511,ABMI Ecosystem Health 2015,Moose Adult Female,0,4
1511,ABMI Ecosystem Health 2015,Moose Adult Male,0,4
1511,ABMI Ecosystem Health 2015,Moose Adult Unkn,0,4
1511,ABMI Ecosystem Health 2015,Moose Juv Unkn,0,4
1512,ABMI Ecosystem Health 2015,Moose Adult Female,0.23244108675538278,4
1512,ABMI Ecosystem Health 2015,Moose Adult Male,0,4
1512,ABMI Ecosystem Health 2015,Moose Adult Unkn,0.010935208359035964,4
1512,ABMI Ecosystem Health 2015,Moose Juv Unkn,0,4
1519,ABMI Ecosystem Health 2016,Moose Adult Female,0,4
1519,ABMI Ecosystem Health 2016,Moose Adult Male,0,4
1519,ABMI Ecosystem Health 2016,Moose Adult Unkn,0,4
1519,ABMI Ecosystem Health 2016,Moose Juv Unkn,0,4
1520,ABMI Ecosystem Health 2016,Moose Adult Female,0,4
1520,ABMI Ecosystem Health 2016,Moose Adult Male,0,4
1520,ABMI Ecosystem Health 2016,Moose Adult Unkn,0,4
1520,ABMI Ecosystem Health 2016,Moose Juv Unkn,0,4
1521,ABMI Ecosystem Health 2016,Moose Adult Female,0,4
1521,ABMI Ecosystem Health 2016,Moose Adult Male,0,4
1521,ABMI Ecosystem Health 2016,Moose Adult Unkn,0,4
1521,ABMI Ecosystem Health 2016,Moose Juv Unkn,0,4
1525B,ABMI Ecosystem Health 2015,Moose Adult Female,0,4
1525B,ABMI Ecosystem Health 2015,Moose Adult Male,0,4
1525B,ABMI Ecosystem Health 2015,Moose Adult Unkn,0,4
1525B,ABMI Ecosystem Health 2015,Moose Juv Unkn,0,4
1526,ABMI Ecosystem Health 2015,Moose Adult Female,0,4
1526,ABMI Ecosystem Health 2015,Moose Adult Male,0,4
1526,ABMI Ecosystem Health 2015,Moose Adult Unkn,0,4
1526,ABMI Ecosystem Health 2015,Moose Juv Unkn,0,4
1529,ABMI Ecosystem Health 2015,Moose Adult Female,3.5653426090629576,4
1529,ABMI Ecosystem Health 2015,Moose Adult Male,0.7284128247901038,4
1529,ABMI Ecosystem Health 2015,Moose Adult Unkn,0.21100840256071043,4
1529,ABMI Ecosystem Health 2015,Moose Juv Unkn,0,4
1530,ABMI Ecosystem Health 2015,Moose Adult Female,0.0230204809712815,4
1530,ABMI Ecosystem Health 2015,Moose Adult Male,0,4
1530,ABMI Ecosystem Health 2015,Moose Adult Unkn,0.009565426344062341,4
1530,ABMI Ecosystem Health 2015,Moose Juv Unkn,0.021899226419013235,4
1531,ABMI Ecosystem Health 2015,Moose Adult Female,0,4
1531,ABMI Ecosystem Health 2015,Moose Adult Male,0,4
1531,ABMI Ecosystem Health 2015,Moose Adult Unkn,0,4
1531,ABMI Ecosystem Health 2015,Moose Juv Unkn,0,4
1538,ABMI Ecosystem Health 2016,Moose Adult Female,0,3
1538,ABMI Ecosystem Health 2016,Moose Adult Male,0,3
1538,ABMI Ecosystem Health 2016,Moose Adult Unkn,0,3
1538,ABMI Ecosystem Health 2016,Moose Juv Unkn,0,3
1539,ABMI Ecosystem Health 2016,Moose Adult Female,0,4
1539,ABMI Ecosystem Health 2016,Moose Adult Male,0,4
1539,ABMI Ecosystem Health 2016,Moose Adult Unkn,0,4
1539,ABMI Ecosystem Health 2016,Moose Juv Unkn,0,4
1540,ABMI Ecosystem Health 2016,Moose Adult Female,0,4
1540,ABMI Ecosystem Health 2016,Moose Adult Male,0,4
1540,ABMI Ecosystem Health 2016,Moose Adult Unkn,0,4
1540,ABMI Ecosystem Health 2016,Moose Juv Unkn,0,4
1544,ABMI Ecosystem Health 2015,Moose Adult Female,0,4
1544,ABMI Ecosystem Health 2015,Moose Adult Male,0,4
1544,ABMI Ecosystem Health 2015,Moose Adult Unkn,0,4
1544,ABMI Ecosystem Health 2015,Moose Juv Unkn,0,4
1545,ABMI Ecosystem Health 2015,Moose Adult Female,0,4
1545,ABMI Ecosystem Health 2015,Moose Adult Male,0,4
1545,ABMI Ecosystem Health 2015,Moose Adult Unkn,0,4
1545,ABMI Ecosystem Health 2015,Moose Juv Unkn,0,4
1550,ABMI Ecosystem Health 2016,Moose Adult Female,0,4
1550,ABMI Ecosystem Health 2016,Moose Adult Male,0,4
1550,ABMI Ecosystem Health 2016,Moose Adult Unkn,0,4
1550,ABMI Ecosystem Health 2016,Moose Juv Unkn,0,4
1551,ABMI Ecosystem Health 2016,Moose Adult Female,0,4
1551,ABMI Ecosystem Health 2016,Moose Adult Male,0,4
1551,ABMI Ecosystem Health 2016,Moose Adult Unkn,0,4
1551,ABMI Ecosystem Health 2016,Moose Juv Unkn,0,4
1552,ABMI Ecosystem Health 2016,Moose Adult Female,0,3
1552,ABMI Ecosystem Health 2016,Moose Adult Male,0,3
1552,ABMI Ecosystem Health 2016,Moose Adult Unkn,0,3
1552,ABMI Ecosystem Health 2016,Moose Juv Unkn,0,3
1556,ABMI Ecosystem Health 2015,Moose Adult Female,0,4
1556,ABMI Ecosystem Health 2015,Moose Adult Male,0,4
1556,ABMI Ecosystem Health 2015,Moose Adult Unkn,0,4
1556,ABMI Ecosystem Health 2015,Moose Juv Unkn,0,4
1557,ABMI Ecosystem Health 2015,Moose Adult Female,0,4
1557,ABMI Ecosystem Health 2015,Moose Adult Male,0,4
1557,ABMI Ecosystem Health 2015,Moose Adult Unkn,0,4
1557,ABMI Ecosystem Health 2015,Moose Juv Unkn,0,4
1558,ABMI Ecosystem Health 2015,Moose Adult Female,0,4
1558,ABMI Ecosystem Health 2015,Moose Adult Male,0,4
1558,ABMI Ecosystem Health 2015,Moose Adult Unkn,0,4
1558,ABMI Ecosystem Health 2015,Moose Juv Unkn,0,4
1567,ABMI Ecosystem Health 2016,Moose Adult Female,0.2781157915359957,4
1567,ABMI Ecosystem Health 2016,Moose Adult Male,0,4
1567,ABMI Ecosystem Health 2016,Moose Adult Unkn,0.009763889652701089,4
1567,ABMI Ecosystem Health 2016,Moose Juv Unkn,0.36488279934279577,4
1568,ABMI Ecosystem Health 2016,Moose Adult Female,0,4
1568,ABMI Ecosystem Health 2016,Moose Adult Male,0,4
1568,ABMI Ecosystem Health 2016,Moose Adult Unkn,0,4
1568,ABMI Ecosystem Health 2016,Moose Juv Unkn,0,4
1569,ABMI Ecosystem Health 2016,Moose Adult Female,0,4
1569,ABMI Ecosystem Health 2016,Moose Adult Male,0,4
1569,ABMI Ecosystem Health 2016,Moose Adult Unkn,0,4
1569,ABMI Ecosystem Health 2016,Moose Juv Unkn,0,4
1573,ABMI Ecosystem Health 2015,Moose Adult Female,0,4
1573,ABMI Ecosystem Health 2015,Moose Adult Male,0,4
1573,ABMI Ecosystem Health 2015,Moose Adult Unkn,0,4
1573,ABMI Ecosystem Health 2015,Moose Juv Unkn,0,4
1574,ABMI Ecosystem Health 2015,Moose Adult Female,0,4
1574,ABMI Ecosystem Health 2015,Moose Adult Male,0,4
1574,ABMI Ecosystem Health 2015,Moose Adult Unkn,0,4
1574,ABMI Ecosystem Health 2015,Moose Juv Unkn,0,4
1575,ABMI Ecosystem Health 2015,Moose Adult Female,0,4
1575,ABMI Ecosystem Health 2015,Moose Adult Male,0,4
1575,ABMI Ecosystem Health 2015,Moose Adult Unkn,0,4
1575,ABMI Ecosystem Health 2015,Moose Juv Unkn,0,4
1584,ABMI Ecosystem Health 2016,Moose Adult Female,0,4
1584,ABMI Ecosystem Health 2016,Moose Adult Male,0,4
1584,ABMI Ecosystem Health 2016,Moose Adult Unkn,0,4
1584,ABMI Ecosystem Health 2016,Moose Juv Unkn,0,4
1585,ABMI Ecosystem Health 2016,Moose Adult Female,0,4
1585,ABMI Ecosystem Health 2016,Moose Adult Male,0,4
1585,ABMI Ecosystem Health 2016,Moose Adult Unkn,0,4
1585,ABMI Ecosystem Health 2016,Moose Juv Unkn,0,4
1586,ABMI Ecosystem Health 2016,Moose Adult Female,0,4
1586,ABMI Ecosystem Health 2016,Moose Adult Male,0,4
1586,ABMI Ecosystem Health 2016,Moose Adult Unkn,0,4
1586,ABMI Ecosystem Health 2016,Moose Juv Unkn,0,4
1590,ABMI Ecosystem Health 2015,Moose Adult Female,0,4
1590,ABMI Ecosystem Health 2015,Moose Adult Male,0,4
1590,ABMI Ecosystem Health 2015,Moose Adult Unkn,0,4
1590,ABMI Ecosystem Health 2015,Moose Juv Unkn,0,4
1591,ABMI Ecosystem Health 2015,Moose Adult Female,0,4
1591,ABMI Ecosystem Health 2015,Moose Adult Male,0,4
1591,ABMI Ecosystem Health 2015,Moose Adult Unkn,0,4
1591,ABMI Ecosystem Health 2015,Moose Juv Unkn,0,4
1592,ABMI Ecosystem Health 2015,Moose Adult Female,0,3
1592,ABMI Ecosystem Health 2015,Moose Adult Male,0,3
1592,ABMI Ecosystem Health 2015,Moose Adult Unkn,0.002867664237137932,3
1592,ABMI Ecosystem Health 2015,Moose Juv Unkn,0,3
1595,ABMI Ecosystem Health 2016,Moose Adult Female,0,4
1595,ABMI Ecosystem Health 2016,Moose Adult Male,0,4
1595,ABMI Ecosystem Health 2016,Moose Adult Unkn,0,4
1595,ABMI Ecosystem Health 2016,Moose Juv Unkn,0,4
1601,ABMI Ecosystem Health 2015,Moose Adult Female,0,4
1601,ABMI Ecosystem Health 2015,Moose Adult Male,0,4
1601,ABMI Ecosystem Health 2015,Moose Adult Unkn,0,4
1601,ABMI Ecosystem Health 2015,Moose Juv Unkn,0,4
1602,ABMI Ecosystem Health 2015,Moose Adult Female,0.039839299255305445,4
1602,ABMI Ecosystem Health 2015,Moose Adult Male,0,4
1602,ABMI Ecosystem Health 2015,Moose Adult Unkn,0.010686680896330604,4
1602,ABMI Ecosystem Health 2015,Moose Juv Unkn,0,4
1603,ABMI Ecosystem Health 2015,Moose Adult Female,0,4
1603,ABMI Ecosystem Health 2015,Moose Adult Male,0,4
1603,ABMI Ecosystem Health 2015,Moose Adult Unkn,0,4
1603,ABMI Ecosystem Health 2015,Moose Juv Unkn,0,4
1610,ABMI Ecosystem Health 2016,Moose Adult Female,0,4
1610,ABMI Ecosystem Health 2016,Moose Adult Male,0.15257145985801251,4
1610,ABMI Ecosystem Health 2016,Moose Adult Unkn,0,4
1610,ABMI Ecosystem Health 2016,Moose Juv Unkn,0,4
1611,ABMI Ecosystem Health 2016,Moose Adult Female,0,4
1611,ABMI Ecosystem Health 2016,Moose Adult Male,0,4
1611,ABMI Ecosystem Health 2016,Moose Adult Unkn,0,4
1611,ABMI Ecosystem Health 2016,Moose Juv Unkn,0,4
1612B,ABMI Ecosystem Health 2016,Moose Adult Female,0,3
1612B,ABMI Ecosystem Health 2016,Moose Adult Male,0,3
1612B,ABMI Ecosystem Health 2016,Moose Adult Unkn,0,3
1612B,ABMI Ecosystem Health 2016,Moose Juv Unkn,0,3
1618,ABMI Ecosystem Health 2015,Moose Adult Female,0,4
1618,ABMI Ecosystem Health 2015,Moose Adult Male,0,4
1618,ABMI Ecosystem Health 2015,Moose Adult Unkn,0,4
1618,ABMI Ecosystem Health 2015,Moose Juv Unkn,0,4
1620,ABMI Ecosystem Health 2015,Moose Adult Female,0,4
1620,ABMI Ecosystem Health 2015,Moose Adult Male,0,4
1620,ABMI Ecosystem Health 2015,Moose Adult Unkn,0,4
1620,ABMI Ecosystem Health 2015,Moose Juv Unkn,0,4
1627B,ABMI Ecosystem Health 2016,Moose Adult Female,0,4
1627B,ABMI Ecosystem Health 2016,Moose Adult Male,0,4
1627B,ABMI Ecosystem Health 2016,Moose Adult Unkn,0,4
1627B,ABMI Ecosystem Health 2016,Moose Juv Unkn,0,4
1628,ABMI Ecosystem Health 2016,Moose Adult Female,0,4
1628,ABMI Ecosystem Health 2016,Moose Adult Male,0,4
1628,ABMI Ecosystem Health 2016,Moose Adult Unkn,0,4
1628,ABMI Ecosystem Health 2016,Moose Juv Unkn,0,4
1629,ABMI Ecosystem Health 2016,Moose Adult Female,0,4
1629,ABMI Ecosystem Health 2016,Moose Adult Male,0,4
1629,ABMI Ecosystem Health 2016,Moose Adult Unkn,0,4
1629,ABMI Ecosystem Health 2016,Moose Juv Unkn,0,4
1635,ABMI Ecosystem Health 2015,Moose Adult Female,0.6339504194819208,4
1635,ABMI Ecosystem Health 2015,Moose Adult Male,0.3896682085799508,4
1635,ABMI Ecosystem Health 2015,Moose Adult Unkn,0.2931924380935175,4
1635,ABMI Ecosystem Health 2015,Moose Juv Unkn,0.0063974688358985924,4
1636,ABMI Ecosystem Health 2015,Moose Adult Female,0,4
1636,ABMI Ecosystem Health 2015,Moose Adult Male,0,4
1636,ABMI Ecosystem Health 2015,Moose Adult Unkn,0,4
1636,ABMI Ecosystem Health 2015,Moose Juv Unkn,0,4
1637,ABMI Ecosystem Health 2015,Moose Adult Female,0,4
1637,ABMI Ecosystem Health 2015,Moose Adult Male,0,4
1637,ABMI Ecosystem Health 2015,Moose Adult Unkn,0,4
1637,ABMI Ecosystem Health 2015,Moose Juv Unkn,0,4
1644,ABMI Ecosystem Health 2016,Moose Adult Female,0,4
1644,ABMI Ecosystem Health 2016,Moose Adult Male,0,4
1644,ABMI Ecosystem Health 2016,Moose Adult Unkn,0,4
1644,ABMI Ecosystem Health 2016,Moose Juv Unkn,0,4
1645,ABMI Ecosystem Health 2016,Moose Adult Female,0,4
1645,ABMI Ecosystem Health 2016,Moose Adult Male,0,4
1645,ABMI Ecosystem Health 2016,Moose Adult Unkn,0,4
1645,ABMI Ecosystem Health 2016,Moose Juv Unkn,0,4
1651,ABMI Ecosystem Health 2016,Moose Adult Female,0,4
1651,ABMI Ecosystem Health 2016,Moose Adult Male,0,4
1651,ABMI Ecosystem Health 2016,Moose Adult Unkn,0,4
1651,ABMI Ecosystem Health 2016,Moose Juv Unkn,0,4
1652,ABMI Ecosystem Health 2016,Moose Adult Female,0,3
1652,ABMI Ecosystem Health 2016,Moose Adult Male,0,3
1652,ABMI Ecosystem Health 2016,Moose Adult Unkn,0,3
1652,ABMI Ecosystem Health 2016,Moose Juv Unkn,0,3
1653,ABMI Ecosystem Health 2016,Moose Adult Female,0,4
1653,ABMI Ecosystem Health 2016,Moose Adult Male,0,4
1653,ABMI Ecosystem Health 2016,Moose Adult Unkn,0,4
1653,ABMI Ecosystem Health 2016,Moose Juv Unkn,0,4
2,ABMI Ecosystem Health 2015,Moose Adult Female,0,4
2,ABMI Ecosystem Health 2015,Moose Adult Male,0,4
2,ABMI Ecosystem Health 2015,Moose Adult Unkn,0,4
2,ABMI Ecosystem Health 2015,Moose Juv Unkn,0,4
234,ABMI Ecosystem Health 2015,Moose Adult Female,0,1
234,ABMI Ecosystem Health 2015,Moose Adult Male,0,1
234,ABMI Ecosystem Health 2015,Moose Adult Unkn,0,1
234,ABMI Ecosystem Health 2015,Moose Juv Unkn,0,1
234,ABMI Ecosystem Health 2016,Moose Adult Female,0,4
234,ABMI Ecosystem Health 2016,Moose Adult Male,0,4
234,ABMI Ecosystem Health 2016,Moose Adult Unkn,0,4
234,ABMI Ecosystem Health 2016,Moose Juv Unkn,0,4
235,ABMI Ecosystem Health 2015,Moose Adult Female,0.22850219177295653,4
235,ABMI Ecosystem Health 2015,Moose Adult Male,0.24918119352020432,4
235,ABMI Ecosystem Health 2015,Moose Adult Unkn,0.001419952463914428,4
235,ABMI Ecosystem Health 2015,Moose Juv Unkn,0.029709878761824102,4
235,ABMI Ecosystem Health 2016,Moose Adult Female,0,4
235,ABMI Ecosystem Health 2016,Moose Adult Male,0.011776296439084299,4
235,ABMI Ecosystem Health 2016,Moose Adult Unkn,0,4
235,ABMI Ecosystem Health 2016,Moose Juv Unkn,0,4
236,ABMI Ecosystem Health 2015,Moose Adult Female,0.9169162336193365,4
236,ABMI Ecosystem Health 2015,Moose Adult Male,0.4248515121818879,4
236,ABMI Ecosystem Health 2015,Moose Adult Unkn,0.3868409896849302,4
236,ABMI Ecosystem Health 2015,Moose Juv Unkn,0.2002246296880132,4
236,ABMI Ecosystem Health 2016,Moose Adult Female,0.027762951949015888,4
236,ABMI Ecosystem Health 2016,Moose Adult Male,0.0417206315231346,4
236,ABMI Ecosystem Health 2016,Moose Adult Unkn,0,4
236,ABMI Ecosystem Health 2016,Moose Juv Unkn,0,4
240,ABMI Ecosystem Health 2016,Moose Adult Female,0,4
240,ABMI Ecosystem Health 2016,Moose Adult Male,0,4
240,ABMI Ecosystem Health 2016,Moose Adult Unkn,0,4
240,ABMI Ecosystem Health 2016,Moose Juv Unkn,0,4
241,ABMI Ecosystem Health 2016,Moose Adult Female,0,4
241,ABMI Ecosystem Health 2016,Moose Adult Male,0,4
241,ABMI Ecosystem Health 2016,Moose Adult Unkn,0.026188909524192807,4
241,ABMI Ecosystem Health 2016,Moose Juv Unkn,0,4
242,ABMI Ecosystem Health 2016,Moose Adult Female,0.02157017480959237,4
242,ABMI Ecosystem Health 2016,Moose Adult Male,0,4
242,ABMI Ecosystem Health 2016,Moose Adult Unkn,0,4
242,ABMI Ecosystem Health 2016,Moose Juv Unkn,0,4
264,ABMI Ecosystem Health 2015,Moose Adult Female,0,4
264,ABMI Ecosystem Health 2015,Moose Adult Male,0,4
264,ABMI Ecosystem Health 2015,Moose Adult Unkn,0,4
264,ABMI Ecosystem Health 2015,Moose Juv Unkn,0,4
264,ABMI Ecosystem Health 2016,Moose Adult Female,0,4
264,ABMI Ecosystem Health 2016,Moose Adult Male,0,4
264,ABMI Ecosystem Health 2016,Moose Adult Unkn,0,4
264,ABMI Ecosystem Health 2016,Moose Juv Unkn,0,4
265,ABMI Ecosystem Health 2015,Moose Adult Female,0,4
265,ABMI Ecosystem Health 2015,Moose Adult Male,0,4
265,ABMI Ecosystem Health 2015,Moose Adult Unkn,0,4
265,ABMI Ecosystem Health 2015,Moose Juv Unkn,0,4
265,ABMI Ecosystem Health 2016,Moose Adult Female,0,4
265,ABMI Ecosystem Health 2016,Moose Adult Male,0,4
265,ABMI Ecosystem Health 2016,Moose Adult Unkn,0,4
265,ABMI Ecosystem Health 2016,Moose Juv Unkn,0,4
266,ABMI Ecosystem Health 2015,Moose Adult Female,0,4
266,ABMI Ecosystem Health 2015,Moose Adult Male,0,4
266,ABMI Ecosystem Health 2015,Moose Adult Unkn,0,4
266,ABMI Ecosystem Health 2015,Moose Juv Unkn,0,4
270,ABMI Ecosystem Health 2016,Moose Adult Female,0,4
270,ABMI Ecosystem Health 2016,Moose Adult Male,0,4
270,ABMI Ecosystem Health 2016,Moose Adult Unkn,0,4
270,ABMI Ecosystem Health 2016,Moose Juv Unkn,0,4
271,ABMI Ecosystem Health 2016,Moose Adult Female,0,3
271,ABMI Ecosystem Health 2016,Moose Adult Male,0,3
271,ABMI Ecosystem Health 2016,Moose Adult Unkn,0,3
271,ABMI Ecosystem Health 2016,Moose Juv Unkn,0,3
272,ABMI Ecosystem Health 2016,Moose Adult Female,0,4
272,ABMI Ecosystem Health 2016,Moose Adult Male,1.897558414223818,4
272,ABMI Ecosystem Health 2016,Moose Adult Unkn,0.7418341968802868,4
272,ABMI Ecosystem Health 2016,Moose Juv Unkn,0,4
294,ABMI Ecosystem Health 2015,Moose Adult Female,0,4
294,ABMI Ecosystem Health 2015,Moose Adult Male,0.2242744480277432,4
294,ABMI Ecosystem Health 2015,Moose Adult Unkn,0,4
294,ABMI Ecosystem Health 2015,Moose Juv Unkn,0,4
294,ABMI Ecosystem Health 2016,Moose Adult Female,0,4
294,ABMI Ecosystem Health 2016,Moose Adult Male,0,4
294,ABMI Ecosystem Health 2016,Moose Adult Unkn,0,4
294,ABMI Ecosystem Health 2016,Moose Juv Unkn,0,4
295,ABMI Ecosystem Health 2015,Moose Adult Female,0,4
295,ABMI Ecosystem Health 2015,Moose Adult Male,0,4
295,ABMI Ecosystem Health 2015,Moose Adult Unkn,0.024012027852074617,4
295,ABMI Ecosystem Health 2015,Moose Juv Unkn,0,4
295,ABMI Ecosystem Health 2016,Moose Adult Female,0,4
295,ABMI Ecosystem Health 2016,Moose Adult Male,0,4
295,ABMI Ecosystem Health 2016,Moose Adult Unkn,0,4
295,ABMI Ecosystem Health 2016,Moose Juv Unkn,0,4
296,ABMI Ecosystem Health 2015,Moose Adult Female,0,4
296,ABMI Ecosystem Health 2015,Moose Adult Male,0.3709744122543166,4
296,ABMI Ecosystem Health 2015,Moose Adult Unkn,0,4
296,ABMI Ecosystem Health 2015,Moose Juv Unkn,0,4
296,ABMI Ecosystem Health 2016,Moose Adult Female,0,4
296,ABMI Ecosystem Health 2016,Moose Adult Male,0.4149205970487685,4
296,ABMI Ecosystem Health 2016,Moose Adult Unkn,0,4
296,ABMI Ecosystem Health 2016,Moose Juv Unkn,0,4
3,ABMI Ecosystem Health 2015,Moose Adult Female,0,4
3,ABMI Ecosystem Health 2015,Moose Adult Male,0,4
3,ABMI Ecosystem Health 2015,Moose Adult Unkn,0.0014573196340174393,4
3,ABMI Ecosystem Health 2015,Moose Juv Unkn,0,4
300,ABMI Ecosystem Health 2016,Moose Adult Female,0,3
300,ABMI Ecosystem Health 2016,Moose Adult Male,0,3
300,ABMI Ecosystem Health 2016,Moose Adult Unkn,0,3
300,ABMI Ecosystem Health 2016,Moose Juv Unkn,0,3
301,ABMI Ecosystem Health 2016,Moose Adult Female,0,4
301,ABMI Ecosystem Health 2016,Moose Adult Male,0.08343317596669021,4
301,ABMI Ecosystem Health 2016,Moose Adult Unkn,0.002606239467897438,4
301,ABMI Ecosystem Health 2016,Moose Juv Unkn,0,4
302,ABMI Ecosystem Health 2016,Moose Adult Female,0.1782887122718425,4
302,ABMI Ecosystem Health 2016,Moose Adult Male,0.013569643798226573,4
302,ABMI Ecosystem Health 2016,Moose Adult Unkn,0.04055693970693206,4
302,ABMI Ecosystem Health 2016,Moose Juv Unkn,0,4
32,ABMI Ecosystem Health 2015,Moose Adult Female,0,1
32,ABMI Ecosystem Health 2015,Moose Adult Male,0,1
32,ABMI Ecosystem Health 2015,Moose Adult Unkn,0,1
32,ABMI Ecosystem Health 2015,Moose Juv Unkn,0,1
323,ABMI Ecosystem Health 2016,Moose Adult Female,0,4
323,ABMI Ecosystem Health 2016,Moose Adult Male,0,4
323,ABMI Ecosystem Health 2016,Moose Adult Unkn,0,4
323,ABMI Ecosystem Health 2016,Moose Juv Unkn,0,4
324,ABMI Ecosystem Health 2016,Moose Adult Female,0,4
324,ABMI Ecosystem Health 2016,Moose Adult Male,0,4
324,ABMI Ecosystem Health 2016,Moose Adult Unkn,0,4
324,ABMI Ecosystem Health 2016,Moose Juv Unkn,0,4
325,ABMI Ecosystem Health 2016,Moose Adult Female,0,4
325,ABMI Ecosystem Health 2016,Moose Adult Male,0,4
325,ABMI Ecosystem Health 2016,Moose Adult Unkn,0,4
325,ABMI Ecosystem Health 2016,Moose Juv Unkn,0,4
329,ABMI Ecosystem Health 2015,Moose Adult Female,0,4
329,ABMI Ecosystem Health 2015,Moose Adult Male,0.146139807176649,4
329,ABMI Ecosystem Health 2015,Moose Adult Unkn,0.2512605259912796,4
329,ABMI Ecosystem Health 2015,Moose Juv Unkn,0,4
33,ABMI Ecosystem Health 2015,Moose Adult Female,0,3
33,ABMI Ecosystem Health 2015,Moose Adult Male,0.7540422881998766,3
33,ABMI Ecosystem Health 2015,Moose Adult Unkn,0,3
33,ABMI Ecosystem Health 2015,Moose Juv Unkn,0,3
330,ABMI Ecosystem Health 2015,Moose Adult Female,1.261048547217793,3
330,ABMI Ecosystem Health 2015,Moose Adult Male,0,3
330,ABMI Ecosystem Health 2015,Moose Adult Unkn,0.3745305479887808,3
330,ABMI Ecosystem Health 2015,Moose Juv Unkn,0.6560346246941258,3
331,ABMI Ecosystem Health 2015,Moose Adult Female,0,4
331,ABMI Ecosystem Health 2015,Moose Adult Male,0.032827832078370235,4
331,ABMI Ecosystem Health 2015,Moose Adult Unkn,0,4
331,ABMI Ecosystem Health 2015,Moose Juv Unkn,0,4
34,ABMI Ecosystem Health 2015,Moose Adult Female,0.17979997383325988,4
34,ABMI Ecosystem Health 2015,Moose Adult Male,0,4
34,ABMI Ecosystem Health 2015,Moose Adult Unkn,0,4
34,ABMI Ecosystem Health 2015,Moose Juv Unkn,0,4
352,ABMI Ecosystem Health 2016,Moose Adult Female,0,4
352,ABMI Ecosystem Health 2016,Moose Adult Male,0,4
352,ABMI Ecosystem Health 2016,Moose Adult Unkn,0,4
352,ABMI Ecosystem Health 2016,Moose Juv Unkn,0,4
353,ABMI Ecosystem Health 2016,Moose Adult Female,0,4
353,ABMI Ecosystem Health 2016,Moose Adult Male,0,4
353,ABMI Ecosystem Health 2016,Moose Adult Unkn,0.11355285972001532,4
353,ABMI Ecosystem Health 2016,Moose Juv Unkn,0,4
354,ABMI Ecosystem Health 2016,Moose Adult Female,0,4
354,ABMI Ecosystem Health 2016,Moose Adult Male,0,4
354,ABMI Ecosystem Health 2016,Moose Adult Unkn,0,4
354,ABMI Ecosystem Health 2016,Moose Juv Unkn,0,4
358,ABMI Ecosystem Health 2015,Moose Adult Female,0,4
358,ABMI Ecosystem Health 2015,Moose Adult Male,0.3742005934043199,4
358,ABMI Ecosystem Health 2015,Moose Adult Unkn,0.15603642087205669,4
358,ABMI Ecosystem Health 2015,Moose Juv Unkn,0,4
359,ABMI Ecosystem Health 2015,Moose Adult Female,0,4
359,ABMI Ecosystem Health 2015,Moose Adult Male,0.011796292892134274,4
359,ABMI Ecosystem Health 2015,Moose Adult Unkn,0.0056079135302322,4
359,ABMI Ecosystem Health 2015,Moose Juv Unkn,0,4
360,ABMI Ecosystem Health 2015,Moose Adult Female,0,4
360,ABMI Ecosystem Health 2015,Moose Adult Male,0,4
360,ABMI Ecosystem Health 2015,Moose Adult Unkn,0.2843903018809522,4
360,ABMI Ecosystem Health 2015,Moose Juv Unkn,0,4
382,ABMI Ecosystem Health 2016,Moose Adult Female,0.586920453822385,4
382,ABMI Ecosystem Health 2016,Moose Adult Male,0.01811438309369048,4
382,ABMI Ecosystem Health 2016,Moose Adult Unkn,1.0367431078407956,4
382,ABMI Ecosystem Health 2016,Moose Juv Unkn,0.006894961840263487,4
383,ABMI Ecosystem Health 2016,Moose Adult Female,0,4
383,ABMI Ecosystem Health 2016,Moose Adult Male,0,4
383,ABMI Ecosystem Health 2016,Moose Adult Unkn,0,4
383,ABMI Ecosystem Health 2016,Moose Juv Unkn,0,4
384,ABMI Ecosystem Health 2016,Moose Adult Female,0.09688395925352038,4
384,ABMI Ecosystem Health 2016,Moose Adult Male,0.2540433971616585,4
384,ABMI Ecosystem Health 2016,Moose Adult Unkn,0,4
384,ABMI Ecosystem Health 2016,Moose Juv Unkn,0.06894784669710288,4
388,ABMI Ecosystem Health 2015,Moose Adult Female,0.018038272240355646,4
388,ABMI Ecosystem Health 2015,Moose Adult Male,0.00788763303875842,4
388,ABMI Ecosystem Health 2015,Moose Adult Unkn,0.0018748756253065392,4
388,ABMI Ecosystem Health 2015,Moose Juv Unkn,0.0037497512506130784,4
389,ABMI Ecosystem Health 2015,Moose Adult Female,3.121442638313371,4
389,ABMI Ecosystem Health 2015,Moose Adult Male,0.0831509931376517,4
389,ABMI Ecosystem Health 2015,Moose Adult Unkn,0.40922651790234815,4
389,ABMI Ecosystem Health 2015,Moose Juv Unkn,0.2969831402200996,4
390,ABMI Ecosystem Health 2015,Moose Adult Female,0.11852773550816795,4
390,ABMI Ecosystem Health 2015,Moose Adult Male,0,4
390,ABMI Ecosystem Health 2015,Moose Adult Unkn,0.3899849436004474,4
390,ABMI Ecosystem Health 2015,Moose Juv Unkn,0,4
412,ABMI Ecosystem Health 2015,Moose Adult Female,0,4
412,ABMI Ecosystem Health 2015,Moose Adult Male,0,4
412,ABMI Ecosystem Health 2015,Moose Adult Unkn,0,4
412,ABMI Ecosystem Health 2015,Moose Juv Unkn,0,4
413,ABMI Ecosystem Health 2015,Moose Adult Female,0.06776753601001921,4
413,ABMI Ecosystem Health 2015,Moose Adult Male,0.08719259620112743,4
413,ABMI Ecosystem Health 2015,Moose Adult Unkn,0.012763902212868486,4
413,ABMI Ecosystem Health 2015,Moose Juv Unkn,0,4
414,ABMI Ecosystem Health 2015,Moose Adult Female,0,4
414,ABMI Ecosystem Health 2015,Moose Adult Male,0,4
414,ABMI Ecosystem Health 2015,Moose Adult Unkn,0,4
414,ABMI Ecosystem Health 2015,Moose Juv Unkn,0,4
421,ABMI Ecosystem Health 2016,Moose Adult Female,0.04989723886937904,4
421,ABMI Ecosystem Health 2016,Moose Adult Male,0.26249488052201975,4
421,ABMI Ecosystem Health 2016,Moose Adult Unkn,1.678947185271467,4
421,ABMI Ecosystem Health 2016,Moose Juv Unkn,0,4
422,ABMI Ecosystem Health 2016,Moose Adult Female,0,4
422,ABMI Ecosystem Health 2016,Moose Adult Male,0.09431799184999012,4
422,ABMI Ecosystem Health 2016,Moose Adult Unkn,0,4
422,ABMI Ecosystem Health 2016,Moose Juv Unkn,0,4
442,ABMI Ecosystem Health 2015,Moose Adult Female,0.2441383254896584,4
442,ABMI Ecosystem Health 2015,Moose Adult Male,0.2763703501861745,4
442,ABMI Ecosystem Health 2015,Moose Adult Unkn,0.061989616533031616,4
442,ABMI Ecosystem Health 2015,Moose Juv Unkn,0,4
443,ABMI Ecosystem Health 2015,Moose Adult Female,0,4
443,ABMI Ecosystem Health 2015,Moose Adult Male,0,4
443,ABMI Ecosystem Health 2015,Moose Adult Unkn,0,4
443,ABMI Ecosystem Health 2015,Moose Juv Unkn,0,4
444,ABMI Ecosystem Health 2015,Moose Adult Female,0.5759067022332591,4
444,ABMI Ecosystem Health 2015,Moose Adult Male,0.16858627459478856,4
444,ABMI Ecosystem Health 2015,Moose Adult Unkn,0.1762335100167014,4
444,ABMI Ecosystem Health 2015,Moose Juv Unkn,0,4
451,ABMI Ecosystem Health 2016,Moose Adult Female,2.4615351642044834,3
451,ABMI Ecosystem Health 2016,Moose Adult Male,0.07884541285388581,3
451,ABMI Ecosystem Health 2016,Moose Adult Unkn,0.12514629232100488,3
451,ABMI Ecosystem Health 2016,Moose Juv Unkn,0,3
452,ABMI Ecosystem Health 2016,Moose Adult Female,1.0570485326681838,3
452,ABMI Ecosystem Health 2016,Moose Adult Male,0,3
452,ABMI Ecosystem Health 2016,Moose Adult Unkn,0.03060816929020891,3
452,ABMI Ecosystem Health 2016,Moose Juv Unkn,0,3
472,ABMI Ecosystem Health 2015,Moose Adult Female,0.8869220910492144,4
472,ABMI Ecosystem Health 2015,Moose Adult Male,0,4
472,ABMI Ecosystem Health 2015,Moose Adult Unkn,0,4
472,ABMI Ecosystem Health 2015,Moose Juv Unkn,0.6915958633989993,4
473,ABMI Ecosystem Health 2015,Moose Adult Female,1.48794433149676,4
473,ABMI Ecosystem Health 2015,Moose Adult Male,0.21735051138503342,4
473,ABMI Ecosystem Health 2015,Moose Adult Unkn,0.6032178920100674,4
473,ABMI Ecosystem Health 2015,Moose Juv Unkn,0.6780116853649063,4
474,ABMI Ecosystem Health 2015,Moose Adult Female,0,4
474,ABMI Ecosystem Health 2015,Moose Adult Male,0,4
474,ABMI Ecosystem Health 2015,Moose Adult Unkn,0,4
474,ABMI Ecosystem Health 2015,Moose Juv Unkn,0,4
481,ABMI Ecosystem Health 2016,Moose Adult Female,0,1
481,ABMI Ecosystem Health 2016,Moose Adult Male,0,1
481,ABMI Ecosystem Health 2016,Moose Adult Unkn,0,1
481,ABMI Ecosystem Health 2016,Moose Juv Unkn,0,1
482,ABMI Ecosystem Health 2016,Moose Adult Female,0,3
482,ABMI Ecosystem Health 2016,Moose Adult Male,0.013640016000935328,3
482,ABMI Ecosystem Health 2016,Moose Adult Unkn,0,3
482,ABMI Ecosystem Health 2016,Moose Juv Unkn,0,3
483,ABMI Ecosystem Health 2016,Moose Adult Female,0,4
483,ABMI Ecosystem Health 2016,Moose Adult Male,0.359685217472152,4
483,ABMI Ecosystem Health 2016,Moose Adult Unkn,0.1075668874090406,4
483,ABMI Ecosystem Health 2016,Moose Juv Unkn,0,4
497,ABMI Ecosystem Health 2016,Moose Adult Female,0,4
497,ABMI Ecosystem Health 2016,Moose Adult Male,5.762762461856694,4
497,ABMI Ecosystem Health 2016,Moose Adult Unkn,0.021368152089720656,4
497,ABMI Ecosystem Health 2016,Moose Juv Unkn,0,4
498,ABMI Ecosystem Health 2016,Moose Adult Female,0,4
498,ABMI Ecosystem Health 2016,Moose Adult Male,0,4
498,ABMI Ecosystem Health 2016,Moose Adult Unkn,0,4
498,ABMI Ecosystem Health 2016,Moose Juv Unkn,0,4
499,ABMI Ecosystem Health 2016,Moose Adult Female,0,4
499,ABMI Ecosystem Health 2016,Moose Adult Male,0,4
499,ABMI Ecosystem Health 2016,Moose Adult Unkn,0,4
499,ABMI Ecosystem Health 2016,Moose Juv Unkn,0,4
506,ABMI Ecosystem Health 2016,Moose Adult Female,0,4
506,ABMI Ecosystem Health 2016,Moose Adult Male,0,4
506,ABMI Ecosystem Health 2016,Moose Adult Unkn,0,4
506,ABMI Ecosystem Health 2016,Moose Juv Unkn,0,4
507,ABMI Ecosystem Health 2016,Moose Adult Female,0,4
507,ABMI Ecosystem Health 2016,Moose Adult Male,0,4
507,ABMI Ecosystem Health 2016,Moose Adult Unkn,0,4
507,ABMI Ecosystem Health 2016,Moose Juv Unkn,0,4
508,ABMI Ecosystem Health 2016,Moose Adult Female,0,4
508,ABMI Ecosystem Health 2016,Moose Adult Male,0,4
508,ABMI Ecosystem Health 2016,Moose Adult Unkn,0.21900600553336041,4
508,ABMI Ecosystem Health 2016,Moose Juv Unkn,0,4
512,ABMI Ecosystem Health 2015,Moose Adult Female,0,4
512,ABMI Ecosystem Health 2015,Moose Adult Male,0,4
512,ABMI Ecosystem Health 2015,Moose Adult Unkn,0,4
512,ABMI Ecosystem Health 2015,Moose Juv Unkn,0,4
514,ABMI Ecosystem Health 2015,Moose Adult Female,1.246773811105733,4
514,ABMI Ecosystem Health 2015,Moose Adult Male,0.014587316814706843,4
514,ABMI Ecosystem Health 2015,Moose Adult Unkn,0.002637054576716332,4
514,ABMI Ecosystem Health 2015,Moose Juv Unkn,0,4
528,ABMI Ecosystem Health 2016,Moose Adult Female,0,4
528,ABMI Ecosystem Health 2016,Moose Adult Male,0,4
528,ABMI Ecosystem Health 2016,Moose Adult Unkn,0,4
528,ABMI Ecosystem Health 2016,Moose Juv Unkn,0,4
529,ABMI Ecosystem Health 2016,Moose Adult Female,0,4
529,ABMI Ecosystem Health 2016,Moose Adult Male,0,4
529,ABMI Ecosystem Health 2016,Moose Adult Unkn,0,4
529,ABMI Ecosystem Health 2016,Moose Juv Unkn,0,4
530,ABMI Ecosystem Health 2016,Moose Adult Female,0,4
530,ABMI Ecosystem Health 2016,Moose Adult Male,0,4
530,ABMI Ecosystem Health 2016,Moose Adult Unkn,0,4
530,ABMI Ecosystem Health 2016,Moose Juv Unkn,0,4
537,ABMI Ecosystem Health 2016,Moose Adult Female,0,4
537,ABMI Ecosystem Health 2016,Moose Adult Male,0,4
537,ABMI Ecosystem Health 2016,Moose Adult Unkn,0,4
537,ABMI Ecosystem Health 2016,Moose Juv Unkn,0,4
538,ABMI Ecosystem Health 2016,Moose Adult Female,0.31759598121370286,3
538,ABMI Ecosystem Health 2016,Moose Adult Male,0.11866528641410039,3
538,ABMI Ecosystem Health 2016,Moose Adult Unkn,0.0018231488431619083,3
538,ABMI Ecosystem Health 2016,Moose Juv Unkn,0,3
539,ABMI Ecosystem Health 2016,Moose Adult Female,1.0302265408661069,4
539,ABMI Ecosystem Health 2016,Moose Adult Male,0.41240716586315995,4
539,ABMI Ecosystem Health 2016,Moose Adult Unkn,0.038438688986205595,4
539,ABMI Ecosystem Health 2016,Moose Juv Unkn,0,4
543,ABMI Ecosystem Health 2015,Moose Adult Female,0.009066638530521724,4
543,ABMI Ecosystem Health 2015,Moose Adult Male,0.2370673766247633,4
543,ABMI Ecosystem Health 2015,Moose Adult Unkn,0,4
543,ABMI Ecosystem Health 2015,Moose Juv Unkn,0.0024077454830888248,4
544,ABMI Ecosystem Health 2015,Moose Adult Female,0,4
544,ABMI Ecosystem Health 2015,Moose Adult Male,0,4
544,ABMI Ecosystem Health 2015,Moose Adult Unkn,0,4
544,ABMI Ecosystem Health 2015,Moose Juv Unkn,0,4
545,ABMI Ecosystem Health 2015,Moose Adult Female,0,2
545,ABMI Ecosystem Health 2015,Moose Adult Male,0,2
545,ABMI Ecosystem Health 2015,Moose Adult Unkn,0,2
545,ABMI Ecosystem Health 2015,Moose Juv Unkn,0,2
559,ABMI Ecosystem Health 2016,Moose Adult Female,0.04193749534479771,4
559,ABMI Ecosystem Health 2016,Moose Adult Male,0,4
559,ABMI Ecosystem Health 2016,Moose Adult Unkn,0,4
559,ABMI Ecosystem Health 2016,Moose Juv Unkn,0,4
560,ABMI Ecosystem Health 2016,Moose Adult Female,0,4
560,ABMI Ecosystem Health 2016,Moose Adult Male,0,4
560,ABMI Ecosystem Health 2016,Moose Adult Unkn,0,4
560,ABMI Ecosystem Health 2016,Moose Juv Unkn,0,4
561,ABMI Ecosystem Health 2016,Moose Adult Female,0,4
561,ABMI Ecosystem Health 2016,Moose Adult Male,0,4
561,ABMI Ecosystem Health 2016,Moose Adult Unkn,0,4
561,ABMI Ecosystem Health 2016,Moose Juv Unkn,0,4
568,ABMI Ecosystem Health 2016,Moose Adult Female,0.032495402626465435,3
568,ABMI Ecosystem Health 2016,Moose Adult Male,0.10488674461427712,3
568,ABMI Ecosystem Health 2016,Moose Adult Unkn,0,3
568,ABMI Ecosystem Health 2016,Moose Juv Unkn,0,3
569,ABMI Ecosystem Health 2016,Moose Adult Female,0.5564592938153644,3
569,ABMI Ecosystem Health 2016,Moose Adult Male,1.7119893250165876,3
569,ABMI Ecosystem Health 2016,Moose Adult Unkn,0.07000554479636271,3
569,ABMI Ecosystem Health 2016,Moose Juv Unkn,0,3
570,ABMI Ecosystem Health 2016,Moose Adult Female,0,4
570,ABMI Ecosystem Health 2016,Moose Adult Male,0,4
570,ABMI Ecosystem Health 2016,Moose Adult Unkn,0,4
570,ABMI Ecosystem Health 2016,Moose Juv Unkn,0,4
574,ABMI Ecosystem Health 2015,Moose Adult Female,0,4
574,ABMI Ecosystem Health 2015,Moose Adult Male,0,4
574,ABMI Ecosystem Health 2015,Moose Adult Unkn,0,4
574,ABMI Ecosystem Health 2015,Moose Juv Unkn,0,4
575,ABMI Ecosystem Health 2015,Moose Adult Female,0.8674379913862925,4
575,ABMI Ecosystem Health 2015,Moose Adult Male,0.02016771531462802,4
575,ABMI Ecosystem Health 2015,Moose Adult Unkn,0.3037662195163823,4
575,ABMI Ecosystem Health 2015,Moose Juv Unkn,0,4
576,ABMI Ecosystem Health 2015,Moose Adult Female,0,4
576,ABMI Ecosystem Health 2015,Moose Adult Male,0,4
576,ABMI Ecosystem Health 2015,Moose Adult Unkn,0,4
576,ABMI Ecosystem Health 2015,Moose Juv Unkn,0,4
584,ABMI Ecosystem Health 2016,Moose Adult Female,0.4105627217735186,4
584,ABMI Ecosystem Health 2016,Moose Adult Male,0.03359426381215424,4
584,ABMI Ecosystem Health 2016,Moose Adult Unkn,0.0648431286130726,4
584,ABMI Ecosystem Health 2016,Moose Juv Unkn,0.6053223177939439,4
585,ABMI Ecosystem Health 2016,Moose Adult Female,0.673456761670105,4
585,ABMI Ecosystem Health 2016,Moose Adult Male,0.5163374495014817,4
585,ABMI Ecosystem Health 2016,Moose Adult Unkn,0.0356988379176216,4
585,ABMI Ecosystem Health 2016,Moose Juv Unkn,0.3517266353312023,4
586,ABMI Ecosystem Health 2016,Moose Adult Female,0.8338598751433266,4
586,ABMI Ecosystem Health 2016,Moose Adult Male,0.20916612583414076,4
586,ABMI Ecosystem Health 2016,Moose Adult Unkn,0.10463357444216674,4
586,ABMI Ecosystem Health 2016,Moose Juv Unkn,0.0995940165963462,4
593,ABMI Ecosystem Health 2016,Moose Adult Female,0,4
593,ABMI Ecosystem Health 2016,Moose Adult Male,0.23128671128473838,4
593,ABMI Ecosystem Health 2016,Moose Adult Unkn,0,4
593,ABMI Ecosystem Health 2016,Moose Juv Unkn,0,4
594,ABMI Ecosystem Health 2016,Moose Adult Female,0,4
594,ABMI Ecosystem Health 2016,Moose Adult Male,0,4
594,ABMI Ecosystem Health 2016,Moose Adult Unkn,0,4
594,ABMI Ecosystem Health 2016,Moose Juv Unkn,0,4
595,ABMI Ecosystem Health 2016,Moose Adult Female,0,4
595,ABMI Ecosystem Health 2016,Moose Adult Male,0,4
595,ABMI Ecosystem Health 2016,Moose Adult Unkn,0,4
595,ABMI Ecosystem Health 2016,Moose Juv Unkn,0,4
599,ABMI Ecosystem Health 2015,Moose Adult Female,0.33726468265301784,3
599,ABMI Ecosystem Health 2015,Moose Adult Male,0,3
599,ABMI Ecosystem Health 2015,Moose Adult Unkn,0.0488156756086722,3
599,ABMI Ecosystem Health 2015,Moose Juv Unkn,0.0036465902019964147,3
600,ABMI Ecosystem Health 2015,Moose Adult Female,0,4
600,ABMI Ecosystem Health 2015,Moose Adult Male,0,4
600,ABMI Ecosystem Health 2015,Moose Adult Unkn,0,4
600,ABMI Ecosystem Health 2015,Moose Juv Unkn,0,4
601,ABMI Ecosystem Health 2015,Moose Adult Female,0.24043802213096865,4
601,ABMI Ecosystem Health 2015,Moose Adult Male,0,4
601,ABMI Ecosystem Health 2015,Moose Adult Unkn,0,4
601,ABMI Ecosystem Health 2015,Moose Juv Unkn,0,4
608,ABMI Ecosystem Health 2016,Moose Adult Female,0,4
608,ABMI Ecosystem Health 2016,Moose Adult Male,0,4
608,ABMI Ecosystem Health 2016,Moose Adult Unkn,0,4
608,ABMI Ecosystem Health 2016,Moose Juv Unkn,0,4
616,ABMI Ecosystem Health 2016,Moose Adult Female,0.24635411958695047,4
616,ABMI Ecosystem Health 2016,Moose Adult Male,0.7625556116725882,4
616,ABMI Ecosystem Health 2016,Moose Adult Unkn,0.608253512864143,4
616,ABMI Ecosystem Health 2016,Moose Juv Unkn,0,4
617,ABMI Ecosystem Health 2016,Moose Adult Female,0.29087123149645466,4
617,ABMI Ecosystem Health 2016,Moose Adult Male,0.8016142601255667,4
617,ABMI Ecosystem Health 2016,Moose Adult Unkn,0.03621861531938207,4
617,ABMI Ecosystem Health 2016,Moose Juv Unkn,0.013423218744925872,4
618,ABMI Ecosystem Health 2016,Moose Adult Female,0.8370336233338957,4
618,ABMI Ecosystem Health 2016,Moose Adult Male,0,4
618,ABMI Ecosystem Health 2016,Moose Adult Unkn,0.24453908162253502,4
618,ABMI Ecosystem Health 2016,Moose Juv Unkn,1.1711479345010676,4
625,ABMI Ecosystem Health 2016,Moose Adult Female,0,4
625,ABMI Ecosystem Health 2016,Moose Adult Male,0,4
625,ABMI Ecosystem Health 2016,Moose Adult Unkn,0,4
625,ABMI Ecosystem Health 2016,Moose Juv Unkn,0,4
626,ABMI Ecosystem Health 2016,Moose Adult Female,0,4
626,ABMI Ecosystem Health 2016,Moose Adult Male,0,4
626,ABMI Ecosystem Health 2016,Moose Adult Unkn,0,4
626,ABMI Ecosystem Health 2016,Moose Juv Unkn,0,4
627,ABMI Ecosystem Health 2016,Moose Adult Female,0,4
627,ABMI Ecosystem Health 2016,Moose Adult Male,0,4
627,ABMI Ecosystem Health 2016,Moose Adult Unkn,0,4
627,ABMI Ecosystem Health 2016,Moose Juv Unkn,0,4
63,ABMI Ecosystem Health 2016,Moose Adult Female,0,4
63,ABMI Ecosystem Health 2016,Moose Adult Male,0,4
63,ABMI Ecosystem Health 2016,Moose Adult Unkn,0,4
63,ABMI Ecosystem Health 2016,Moose Juv Unkn,0,4
631,ABMI Ecosystem Health 2015,Moose Adult Female,0,4
631,ABMI Ecosystem Health 2015,Moose Adult Male,0,4
631,ABMI Ecosystem Health 2015,Moose Adult Unkn,0,4
631,ABMI Ecosystem Health 2015,Moose Juv Unkn,0,4
632,ABMI Ecosystem Health 2015,Moose Adult Female,1.8235561661174904,3
632,ABMI Ecosystem Health 2015,Moose Adult Male,0.011348717612668662,3
632,ABMI Ecosystem Health 2015,Moose Adult Unkn,0.2040973654590441,3
632,ABMI Ecosystem Health 2015,Moose Juv Unkn,0.2997511732423457,3
633,ABMI Ecosystem Health 2015,Moose Adult Female,0,4
633,ABMI Ecosystem Health 2015,Moose Adult Male,0,4
633,ABMI Ecosystem Health 2015,Moose Adult Unkn,0,4
633,ABMI Ecosystem Health 2015,Moose Juv Unkn,0,4
64,ABMI Ecosystem Health 2016,Moose Adult Female,0,4
64,ABMI Ecosystem Health 2016,Moose Adult Male,0,4
64,ABMI Ecosystem Health 2016,Moose Adult Unkn,0,4
64,ABMI Ecosystem Health 2016,Moose Juv Unkn,0,4
640,ABMI Ecosystem Health 2016,Moose Adult Female,0.30020613187248585,4
640,ABMI Ecosystem Health 2016,Moose Adult Male,0.00878032362664365,4
640,ABMI Ecosystem Health 2016,Moose Adult Unkn,0,4
640,ABMI Ecosystem Health 2016,Moose Juv Unkn,0.01083877402553757,4
648,ABMI Ecosystem Health 2016,Moose Adult Female,2.601385811356307,3
648,ABMI Ecosystem Health 2016,Moose Adult Male,2.2508022948653266,3
648,ABMI Ecosystem Health 2016,Moose Adult Unkn,0.8095262962734258,3
648,ABMI Ecosystem Health 2016,Moose Juv Unkn,1.081476802628752,3
649,ABMI Ecosystem Health 2016,Moose Adult Female,0.008402890707395793,4
649,ABMI Ecosystem Health 2016,Moose Adult Male,0,4
649,ABMI Ecosystem Health 2016,Moose Adult Unkn,0.08889764980796026,4
649,ABMI Ecosystem Health 2016,Moose Juv Unkn,0,4
65,ABMI Ecosystem Health 2016,Moose Adult Female,0.04075542079029618,4
65,ABMI Ecosystem Health 2016,Moose Adult Male,0,4
65,ABMI Ecosystem Health 2016,Moose Adult Unkn,0.020695334768731578,4
65,ABMI Ecosystem Health 2016,Moose Juv Unkn,0,4
650,ABMI Ecosystem Health 2016,Moose Adult Female,0.047492883764918205,3
650,ABMI Ecosystem Health 2016,Moose Adult Male,0,3
650,ABMI Ecosystem Health 2016,Moose Adult Unkn,0.13330712558644783,3
650,ABMI Ecosystem Health 2016,Moose Juv Unkn,0.2893485886837551,3
657,ABMI Ecosystem Health 2016,Moose Adult Female,0,4
657,ABMI Ecosystem Health 2016,Moose Adult Male,0,4
657,ABMI Ecosystem Health 2016,Moose Adult Unkn,0,4
657,ABMI Ecosystem Health 2016,Moose Juv Unkn,0,4
658,ABMI Ecosystem Health 2016,Moose Adult Female,0,4
658,ABMI Ecosystem Health 2016,Moose Adult Male,0,4
658,ABMI Ecosystem Health 2016,Moose Adult Unkn,0,4
658,ABMI Ecosystem Health 2016,Moose Juv Unkn,0,4
659,ABMI Ecosystem Health 2016,Moose Adult Female,0,4
659,ABMI Ecosystem Health 2016,Moose Adult Male,0,4
659,ABMI Ecosystem Health 2016,Moose Adult Unkn,0,4
659,ABMI Ecosystem Health 2016,Moose Juv Unkn,0,4
663,ABMI Ecosystem Health 2015,Moose Adult Female,0,4
663,ABMI Ecosystem Health 2015,Moose Adult Male,0,4
663,ABMI Ecosystem Health 2015,Moose Adult Unkn,0,4
663,ABMI Ecosystem Health 2015,Moose Juv Unkn,0,4
664,ABMI Ecosystem Health 2015,Moose Adult Female,0.038271941171478134,4
664,ABMI Ecosystem Health 2015,Moose Adult Male,0,4
664,ABMI Ecosystem Health 2015,Moose Adult Unkn,0,4
664,ABMI Ecosystem Health 2015,Moose Juv Unkn,0,4
665,ABMI Ecosystem Health 2015,Moose Adult Female,0.14398788543172192,4
665,ABMI Ecosystem Health 2015,Moose Adult Male,0,4
665,ABMI Ecosystem Health 2015,Moose Adult Unkn,0.023396075855025927,4
665,ABMI Ecosystem Health 2015,Moose Juv Unkn,0.00941395857424819,4
672,ABMI Ecosystem Health 2016,Moose Adult Female,0.06627123686807083,4
672,ABMI Ecosystem Health 2016,Moose Adult Male,1.047489168918318,4
672,ABMI Ecosystem Health 2016,Moose Adult Unkn,1.2711992363113755,4
672,ABMI Ecosystem Health 2016,Moose Juv Unkn,0,4
697,ABMI Ecosystem Health 2016,Moose Adult Female,0.6617030784205312,4
697,ABMI Ecosystem Health 2016,Moose Adult Male,0.022455991170283837,4
697,ABMI Ecosystem Health 2016,Moose Adult Unkn,0,4
697,ABMI Ecosystem Health 2016,Moose Juv Unkn,0.21507805647819467,4
698,ABMI Ecosystem Health 2016,Moose Adult Female,1.2173579307277334,4
698,ABMI Ecosystem Health 2016,Moose Adult Male,0,4
698,ABMI Ecosystem Health 2016,Moose Adult Unkn,0,4
698,ABMI Ecosystem Health 2016,Moose Juv Unkn,0.002260513824196757,4
699,ABMI Ecosystem Health 2016,Moose Adult Female,0,4
699,ABMI Ecosystem Health 2016,Moose Adult Male,0.43706198694872456,4
699,ABMI Ecosystem Health 2016,Moose Adult Unkn,0,4
699,ABMI Ecosystem Health 2016,Moose Juv Unkn,0,4
728,ABMI Ecosystem Health 2016,Moose Adult Female,0.2786497142101403,4
728,ABMI Ecosystem Health 2016,Moose Adult Male,0.2515638389086927,4
728,ABMI Ecosystem Health 2016,Moose Adult Unkn,0.08948668070635421,4
728,ABMI Ecosystem Health 2016,Moose Juv Unkn,0.12746109252479346,4
729,ABMI Ecosystem Health 2016,Moose Adult Female,0,4
729,ABMI Ecosystem Health 2016,Moose Adult Male,0.05821922640608409,4
729,ABMI Ecosystem Health 2016,Moose Adult Unkn,0.04335518934566558,4
729,ABMI Ecosystem Health 2016,Moose Juv Unkn,0,4
730,ABMI Ecosystem Health 2016,Moose Adult Female,0.2869797888776357,4
730,ABMI Ecosystem Health 2016,Moose Adult Male,0,4
730,ABMI Ecosystem Health 2016,Moose Adult Unkn,0,4
730,ABMI Ecosystem Health 2016,Moose Juv Unkn,0,4
759,ABMI Ecosystem Health 2016,Moose Adult Female,0.5730701777386353,4
759,ABMI Ecosystem Health 2016,Moose Adult Male,0,4
759,ABMI Ecosystem Health 2016,Moose Adult Unkn,0.45979544089228447,4
759,ABMI Ecosystem Health 2016,Moose Juv Unkn,0.2548469669557168,4
760,ABMI Ecosystem Health 2016,Moose Adult Female,0,4
760,ABMI Ecosystem Health 2016,Moose Adult Male,0,4
760,ABMI Ecosystem Health 2016,Moose Adult Unkn,0.01968733070708299,4
760,ABMI Ecosystem Health 2016,Moose Juv Unkn,0,4
761,ABMI Ecosystem Health 2016,Moose Adult Female,0,4
761,ABMI Ecosystem Health 2016,Moose Adult Male,0.16127624489661488,4
761,ABMI Ecosystem Health 2016,Moose Adult Unkn,0,4
761,ABMI Ecosystem Health 2016,Moose Juv Unkn,0,4
791,ABMI Ecosystem Health 2015,Moose Adult Female,0.12155872151073688,4
791,ABMI Ecosystem Health 2015,Moose Adult Male,0,4
791,ABMI Ecosystem Health 2015,Moose Adult Unkn,0.04831695297154512,4
791,ABMI Ecosystem Health 2015,Moose Juv Unkn,0,4
792,ABMI Ecosystem Health 2015,Moose Adult Female,0.08573379700074811,4
792,ABMI Ecosystem Health 2015,Moose Adult Male,0,4
792,ABMI Ecosystem Health 2015,Moose Adult Unkn,0,4
792,ABMI Ecosystem Health 2015,Moose Juv Unkn,0,4
793,ABMI Ecosystem Health 2015,Moose Adult Female,0,4
793,ABMI Ecosystem Health 2015,Moose Adult Male,0.0167151659845586,4
793,ABMI Ecosystem Health 2015,Moose Adult Unkn,0,4
793,ABMI Ecosystem Health 2015,Moose Juv Unkn,0,4
794,ABMI Ecosystem Health 2015,Moose Adult Female,0.3956561179423499,4
794,ABMI Ecosystem Health 2015,Moose Adult Male,0,4
794,ABMI Ecosystem Health 2015,Moose Adult Unkn,0.0044303964676307706,4
794,ABMI Ecosystem Health 2015,Moose Juv Unkn,0,4
823,ABMI Ecosystem Health 2015,Moose Adult Female,0.28328667479574926,4
823,ABMI Ecosystem Health 2015,Moose Adult Male,1.4561509320089097,4
823,ABMI Ecosystem Health 2015,Moose Adult Unkn,0,4
823,ABMI Ecosystem Health 2015,Moose Juv Unkn,0.6976893905095133,4
824,ABMI Ecosystem Health 2015,Moose Adult Female,0.9491145758442613,2
824,ABMI Ecosystem Health 2015,Moose Adult Male,5.859345533205278,2
824,ABMI Ecosystem Health 2015,Moose Adult Unkn,0,2
824,ABMI Ecosystem Health 2015,Moose Juv Unkn,0,2
825,ABMI Ecosystem Health 2015,Moose Adult Female,0,4
825,ABMI Ecosystem Health 2015,Moose Adult Male,0,4
825,ABMI Ecosystem Health 2015,Moose Adult Unkn,0,4
825,ABMI Ecosystem Health 2015,Moose Juv Unkn,0,4
855,ABMI Ecosystem Health 2015,Moose Adult Female,0,4
855,ABMI Ecosystem Health 2015,Moose Adult Male,0,4
855,ABMI Ecosystem Health 2015,Moose Adult Unkn,0,4
855,ABMI Ecosystem Health 2015,Moose Juv Unkn,0,4
856,ABMI Ecosystem Health 2015,Moose Adult Female,0.10516942552446465,4
856,ABMI Ecosystem Health 2015,Moose Adult Male,0,4
856,ABMI Ecosystem Health 2015,Moose Adult Unkn,0,4
856,ABMI Ecosystem Health 2015,Moose Juv Unkn,0.05550635401168894,4
857,ABMI Ecosystem Health 2015,Moose Adult Female,0.49629218620524196,4
857,ABMI Ecosystem Health 2015,Moose Adult Male,0,4
857,ABMI Ecosystem Health 2015,Moose Adult Unkn,0.010259716040489145,4
857,ABMI Ecosystem Health 2015,Moose Juv Unkn,0,4
890,ABMI Ecosystem Health 2016,Moose Adult Female,0,4
890,ABMI Ecosystem Health 2016,Moose Adult Male,0,4
890,ABMI Ecosystem Health 2016,Moose Adult Unkn,0,4
890,ABMI Ecosystem Health 2016,Moose Juv Unkn,0,4
891B,ABMI Ecosystem Health 2016,Moose Adult Female,0,4
891B,ABMI Ecosystem Health 2016,Moose Adult Male,0,4
891B,ABMI Ecosystem Health 2016,Moose Adult Unkn,0,4
891B,ABMI Ecosystem Health 2016,Moose Juv Unkn,0,4
892,ABMI Ecosystem Health 2016,Moose Adult Female,0.019841186065026658,4
892,ABMI Ecosystem Health 2016,Moose Adult Male,0.4608860831183322,4
892,ABMI Ecosystem Health 2016,Moose Adult Unkn,0.010887222038061709,4
892,ABMI Ecosystem Health 2016,Moose Juv Unkn,0,4
91,ABMI Ecosystem Health 2016,Moose Adult Female,0.3753655105973938,4
91,ABMI Ecosystem Health 2016,Moose Adult Male,0,4
91,ABMI Ecosystem Health 2016,Moose Adult Unkn,0.0046634228288558064,4
91,ABMI Ecosystem Health 2016,Moose Juv Unkn,0.40481797087774063,4
92,ABMI Ecosystem Health 2016,Moose Adult Female,0,4
92,ABMI Ecosystem Health 2016,Moose Adult Male,1.4788614713457497,4
92,ABMI Ecosystem Health 2016,Moose Adult Unkn,0,4
92,ABMI Ecosystem Health 2016,Moose Juv Unkn,0,4
923,ABMI Ecosystem Health 2016,Moose Adult Female,0.27406897265703334,4
923,ABMI Ecosystem Health 2016,Moose Adult Male,0,4
923,ABMI Ecosystem Health 2016,Moose Adult Unkn,0.11666254666995397,4
923,ABMI Ecosystem Health 2016,Moose Juv Unkn,0.6782751362890684,4
924,ABMI Ecosystem Health 2016,Moose Adult Female,0,4
924,ABMI Ecosystem Health 2016,Moose Adult Male,0,4
924,ABMI Ecosystem Health 2016,Moose Adult Unkn,0,4
924,ABMI Ecosystem Health 2016,Moose Juv Unkn,0,4
925,ABMI Ecosystem Health 2016,Moose Adult Female,0,4
925,ABMI Ecosystem Health 2016,Moose Adult Male,0,4
925,ABMI Ecosystem Health 2016,Moose Adult Unkn,0.0028769748353104575,4
925,ABMI Ecosystem Health 2016,Moose Juv Unkn,0,4
93,ABMI Ecosystem Health 2016,Moose Adult Female,0,4
93,ABMI Ecosystem Health 2016,Moose Adult Male,0,4
93,ABMI Ecosystem Health 2016,Moose Adult Unkn,0,4
93,ABMI Ecosystem Health 2016,Moose Juv Unkn,0,4
956,ABMI Ecosystem Health 2016,Moose Adult Female,0,4
956,ABMI Ecosystem Health 2016,Moose Adult Male,0,4
956,ABMI Ecosystem Health 2016,Moose Adult Unkn,0,4
956,ABMI Ecosystem Health 2016,Moose Juv Unkn,0,4
957,ABMI Ecosystem Health 2016,Moose Adult Female,0.2307954211307655,4
957,ABMI Ecosystem Health 2016,Moose Adult Male,0,4
957,ABMI Ecosystem Health 2016,Moose Adult Unkn,0.08069086290255531,4
957,ABMI Ecosystem Health 2016,Moose Juv Unkn,0,4
958,ABMI Ecosystem Health 2016,Moose Adult Female,0,4
958,ABMI Ecosystem Health 2016,Moose Adult Male,0,4
958,ABMI Ecosystem Health 2016,Moose Adult Unkn,0.7230058234347898,4
958,ABMI Ecosystem Health 2016,Moose Juv Unkn,0,4
989,ABMI Ecosystem Health 2015,Moose Adult Female,0,4
989,ABMI Ecosystem Health 2015,Moose Adult Male,0,4
989,ABMI Ecosystem Health 2015,Moose Adult Unkn,0,4
989,ABMI Ecosystem Health 2015,Moose Juv Unkn,0,4
990,ABMI Ecosystem Health 2015,Moose Adult Female,0.1948198813491013,3
990,ABMI Ecosystem Health 2015,Moose Adult Male,0.6083091036966052,3
990,ABMI Ecosystem Health 2015,Moose Adult Unkn,0,3
990,ABMI Ecosystem Health 2015,Moose Juv Unkn,0,3
991,ABMI Ecosystem Health 2015,Moose Adult Female,4.6992756632989146,4
991,ABMI Ecosystem Health 2015,Moose Adult Male,0.074255916913902,4
991,ABMI Ecosystem Health 2015,Moose Adult Unkn,0.28521534274224963,4
991,ABMI Ecosystem Health 2015,Moose Juv Unkn,0.028554202958174027,4
